{
    "uvs": [[0.000173,0.749136,0.000173,0.000173,0.249827,0.000173,0.249827,0.749136,0.750173,0.749136,0.750173,0.000173,0.999827,0.000173,0.999827,0.749136,0.500173,0.749136,0.500173,0.000173,0.749827,0.000173,0.749827,0.749136,0.250173,0.749136,0.250173,0.000173,0.499827,0.000173,0.499827,0.749136,0,0.673077,0.187026,0.676923,0.190843,0.673077,0.190843,0.865385,0.003817,0.861538,0.003817,0.676923,0,0.865385,0.187026,0.861538,9.1e-05,0.052166,9.1e-05,9.2e-05,0.999909,9.1e-05,0.999909,0.052166,9.1e-05,0.104423,9.1e-05,0.052349,0.999909,0.052348,0.999909,0.104423,0.999909,0.156863,0.999909,0.208937,9.1e-05,0.208937,9.1e-05,0.156863,0.999909,0.104606,0.999909,0.15668,9.1e-05,0.15668,9.1e-05,0.104606,0.287363,0.095788,0.095788,0.095788,0,0,0.383151,0,0.383151,0.383151,0.287363,0.287363,0.095788,0.287363,0,0.383151,0,0.384615,0.190843,0.384615,0.187026,0.388462,0.190843,0.576923,0.003817,0.573077,0.003817,0.388462,0,0.576923,0.187026,0.573077]],
    "faces": [42,1,0,2,0,0,1,2,0,0,0,42,1,2,3,0,0,2,3,0,0,0,42,5,4,6,0,4,5,6,1,2,2,42,5,6,7,0,4,6,7,1,2,2,42,9,8,10,0,8,9,10,3,3,3,42,9,10,11,0,8,10,11,3,3,3,42,13,12,14,0,12,13,14,4,4,4,42,13,14,15,0,12,14,15,4,4,4,42,17,20,16,0,16,17,18,5,6,5,42,18,16,20,0,19,18,17,6,5,6,42,23,21,17,0,20,21,16,5,5,5,42,20,17,21,0,17,16,21,6,5,5,42,19,18,22,0,22,19,23,6,6,5,42,20,22,18,0,17,23,19,6,5,6,42,17,19,23,0,16,22,20,5,6,5,42,22,23,19,0,23,20,22,5,5,6,42,25,24,26,1,24,25,26,0,0,0,42,25,26,27,1,24,26,27,0,0,0,42,29,28,30,1,28,29,30,2,2,2,42,29,30,31,1,28,30,31,2,2,2,42,33,32,34,1,32,33,34,3,3,3,42,33,34,35,1,32,34,35,3,3,3,42,37,36,38,1,36,37,38,4,4,4,42,37,38,39,1,36,38,39,4,4,4,42,44,45,41,2,40,41,42,7,7,8,42,44,41,40,2,40,42,43,7,8,8,42,40,42,46,2,43,44,45,8,8,7,42,40,46,44,2,43,45,40,8,7,7,42,45,47,43,2,41,46,47,7,7,8,42,45,43,41,2,41,47,42,7,8,8,42,42,43,47,2,44,47,46,8,8,7,42,42,47,46,2,44,46,45,8,7,7,42,49,48,53,3,48,49,50,7,7,8,42,50,53,48,3,51,50,49,8,8,7,42,54,49,55,3,52,48,53,7,7,7,42,53,55,49,3,50,53,48,8,7,7,42,51,52,50,3,54,55,51,8,7,8,42,53,50,52,3,50,51,55,8,8,7,42,49,54,51,3,48,52,54,7,7,8,42,52,51,54,3,55,54,52,7,8,7],
    "metadata": {
        "type": "Geometry",
        "vertices": 56,
        "generator": "io_three",
        "normals": 9,
        "uvs": 1,
        "faces": 40,
        "version": 3,
        "materials": 4
    },
    "vertices": [50,5.00001,150,50,305,150,150,5.00001,150,150,305,150,150,5.00001,150,150,305,150,150,5,50,150,305,50,150,5,50,150,305,50,50,5,50,50,305,50,50,5,50,50,305,50,50,5.00001,150,50,305,150,50,5.00001,150,50,5,50,150,5.00001,150,150,5,50,52,5.00001,148,52,5,52,148,5.00001,148,148,5,52,52,6e-06,148,52,5.00001,148,148,6e-06,148,148,5.00001,148,148,6e-06,148,148,5.00001,148,148,2e-06,52,148,5,52,148,2e-06,52,148,5,52,52,2e-06,52,52,5,52,52,2e-06,52,52,5,52,52,6e-06,148,52,5.00001,148,0,9e-06,200,0,0,0,200,9e-06,200,200,0,0,50,7e-06,150,50,2e-06,50,150,7e-06,150,150,2e-06,50,50,7e-06,150,50,2e-06,50,150,7e-06,150,150,2e-06,50,148,6e-06,148,52,6e-06,148,148,2e-06,52,52,2e-06,52],
    "name": "Obj_000001Geometry.3",
    "materials": [{
        "mapDiffuseRepeat": [1,1],
        "specularCoef": 50,
        "mapSpecular": "textures/uba_tuba_s.jpg",
        "colorAmbient": [0.64,0.64,0.64],
        "colorSpecular": [0.5,0.5,0.5],
        "visible": true,
        "mapSpecularRepeat": [1,1],
        "mapDiffuse": "textures/uba_tuba_d.jpg",
        "blending": "NormalBlending",
        "colorDiffuse": [0.64,0.64,0.64],
        "mapBumpRepeat": [1,1],
        "mapDiffuseAnisotropy": 1,
        "mapSpecularWrap": ["RepeatWrapping","RepeatWrapping"],
        "shading": "phong",
        "mapBump": "textures/uba_tuba_norm.png",
        "wireframe": false,
        "mapSpecularAnisotropy": 1,
        "depthTest": true,
        "mapDiffuseWrap": ["RepeatWrapping","RepeatWrapping"],
        "mapBumpScale": 1,
        "DbgColor": 238,
        "DbgName": "Walls",
        "colorEmissive": [0,0,0],
        "depthWrite": true,
        "transparent": false,
        "DbgIndex": 3,
        "opacity": 1,
        "mapBumpWrap": ["RepeatWrapping","RepeatWrapping"],
        "mapBumpAnisotropy": 1
    },{
        "depthWrite": true,
        "wireframe": false,
        "DbgColor": 60928,
        "depthTest": true,
        "colorAmbient": [0.644066,0.64,0.470052],
        "specularCoef": 50,
        "visible": true,
        "DbgName": "Glow",
        "colorEmissive": [0.644066,0.64,0.470052],
        "blending": "NormalBlending",
        "colorDiffuse": [0.644066,0.64,0.470052],
        "transparent": false,
        "DbgIndex": 2,
        "opacity": 1,
        "shading": "phong",
        "colorSpecular": [0.5,0.5,0.5]
    },{
        "mapDiffuseRepeat": [1,1],
        "specularCoef": 50,
        "mapSpecular": "textures/floor_specular.jpg",
        "colorAmbient": [0.8,0.8,0.8],
        "colorSpecular": [0.5,0.5,0.5],
        "visible": true,
        "mapSpecularRepeat": [1,1],
        "mapDiffuse": "textures/floor_diffuse.jpg",
        "blending": "NormalBlending",
        "colorDiffuse": [0.8,0.8,0.8],
        "mapBumpRepeat": [1,1],
        "mapDiffuseAnisotropy": 1,
        "mapSpecularWrap": ["RepeatWrapping","RepeatWrapping"],
        "shading": "phong",
        "mapBump": "textures/floor_normal.png",
        "wireframe": false,
        "mapSpecularAnisotropy": 1,
        "depthTest": true,
        "mapDiffuseWrap": ["RepeatWrapping","RepeatWrapping"],
        "mapBumpScale": 1,
        "DbgColor": 15658734,
        "DbgName": "Floor",
        "colorEmissive": [0,0,0],
        "depthWrite": true,
        "transparent": false,
        "DbgIndex": 0,
        "opacity": 1,
        "mapBumpWrap": ["RepeatWrapping","RepeatWrapping"],
        "mapBumpAnisotropy": 1
    },{
        "depthWrite": true,
        "wireframe": false,
        "DbgColor": 15597568,
        "depthTest": true,
        "colorAmbient": [0.64,0.64,0.64],
        "specularCoef": 50,
        "visible": true,
        "DbgName": "Rail",
        "colorEmissive": [0,0,0],
        "blending": "NormalBlending",
        "colorDiffuse": [0.64,0.64,0.64],
        "transparent": false,
        "DbgIndex": 1,
        "opacity": 1,
        "shading": "phong",
        "colorSpecular": [0.5,0.5,0.5]
    }],
    "normals": [0,0,1,0.999969,0,0,1,0,0,0,0,-1,-1,0,0,0,-1,0,0,-0.999969,0,0,1,0,0,0.999969,0]
}